Image_URL,needed_amount_of_shows,category1,category2,category3,category4,category5,category6,category7,category8,category9,category10
http://localhost/statc/image1.jpg,5,literature,,,,,,,,,
http://localhost/statc/image2.jpg,1,agriculture,marketing,photography,physics,psychology,movies,,,,
http://localhost/statc/image3.jpg,1,travel,cryptocurrency,marketing,social media,,,,,,
http://localhost/statc/image4.jpg,3,health,sports,psychology,fashion,biology,energy,physics,music,social media,animals
http://localhost/statc/image5.jpg,2,movies,health,architecture,business,space,medicine,physics,travel,technology,
http://localhost/statc/image6.jpg,1,biology,nature,psychology,literature,geography,finance,games,business,environment,
http://localhost/statc/image7.jpg,4,photography,politics,sports,books,animals,technology,,,,
http://localhost/statc/image8.jpg,5,weather,music,astronomy,photography,politics,psychology,literature,,,
http://localhost/statc/image9.jpg,2,games,,,,,,,,,
http://localhost/statc/image10.jpg,3,history,politics,finance,medicine,literature,physics,,,,
http://localhost/statc/image11.jpg,1,travel,books,history,,,,,,,
http://localhost/statc/image12.jpg,1,,,,,,,,,,
http://localhost/statc/image13.jpg,4,marketing,games,entertainment,travel,finance,art,space,science,geography,technology
http://localhost/statc/image14.jpg,2,psychology,agriculture,history,art,,,,,,
http://localhost/statc/image15.jpg,2,fashion,animals,,,,,,,,
http://localhost/statc/image16.jpg,3,biology,,,,,,,,,
http://localhost/statc/image17.jpg,2,technology,entertainment,agriculture,,,,,,,
http://localhost/statc/image18.jpg,5,social media,agriculture,,,,,,,,
http://localhost/statc/image19.jpg,5,food,physics,chemistry,games,psychology,business,literature,space,,
http://localhost/statc/image20.jpg,4,photography,entertainment,,,,,,,,
http://localhost/statc/image21.jpg,3,cryptocurrency,economics,biology,games,agriculture,,,,,
http://localhost/statc/image22.jpg,3,biology,cryptocurrency,energy,food,photography,politics,travel,entertainment,,
http://localhost/statc/image23.jpg,2,architecture,environment,physics,energy,technology,medicine,,,,
http://localhost/statc/image24.jpg,5,,,,,,,,,,
http://localhost/statc/image25.jpg,3,food,,,,,,,,,
http://localhost/statc/image26.jpg,1,social media,fashion,art,weather,psychology,cryptocurrency,,,,
http://localhost/statc/image27.jpg,3,health,politics,music,technology,weather,,,,,
http://localhost/statc/image28.jpg,4,politics,economics,agriculture,photography,art,technology,fashion,,,
http://localhost/statc/image29.jpg,3,architecture,history,books,agriculture,medicine,health,business,entertainment,,
http://localhost/statc/image30.jpg,1,economics,health,medicine,entertainment,social media,science,architecture,games,,
http://localhost/statc/image31.jpg,2,science,music,,,,,,,,
http://localhost/statc/image32.jpg,1,photography,energy,health,architecture,literature,history,art,movies,,
http://localhost/statc/image33.jpg,2,social media,entertainment,sports,art,,,,,,
http://localhost/statc/image34.jpg,3,music,health,fashion,chemistry,food,energy,social media,,,
http://localhost/statc/image35.jpg,4,agriculture,business,art,,,,,,,
http://localhost/statc/image36.jpg,1,movies,food,psychology,geography,photography,nature,politics,animals,physics,travel
http://localhost/statc/image37.jpg,4,economics,environment,agriculture,sports,,,,,,
http://localhost/statc/image38.jpg,2,politics,entertainment,,,,,,,,
http://localhost/statc/image39.jpg,3,,,,,,,,,,
http://localhost/statc/image40.jpg,5,games,physics,weather,space exploration,entertainment,,,,,
http://localhost/statc/image41.jpg,4,astronomy,fashion,photography,books,business,literature,geography,agriculture,nature,food
http://localhost/statc/image42.jpg,1,business,science,food,physics,social media,space exploration,,,,
http://localhost/statc/image43.jpg,5,medicine,science,finance,animals,energy,astronomy,technology,art,history,
http://localhost/statc/image44.jpg,1,movies,energy,social media,,,,,,,
http://localhost/statc/image45.jpg,5,travel,animals,sports,astronomy,finance,art,space exploration,medicine,food,
http://localhost/statc/image46.jpg,1,geography,psychology,entertainment,space,music,nature,physics,chemistry,,
http://localhost/statc/image47.jpg,2,education,photography,movies,space,astronomy,games,,,,
http://localhost/statc/image48.jpg,5,movies,literature,politics,music,art,finance,,,,
http://localhost/statc/image49.jpg,2,architecture,chemistry,physics,,,,,,,
http://localhost/statc/image50.jpg,3,books,,,,,,,,,
http://localhost/statc/image51.jpg,5,science,,,,,,,,,
http://localhost/statc/image52.jpg,4,politics,food,marketing,weather,geography,fashion,architecture,science,movies,books
http://localhost/statc/image53.jpg,3,space,psychology,science,books,weather,,,,,
http://localhost/statc/image54.jpg,1,architecture,health,cryptocurrency,politics,agriculture,art,,,,
http://localhost/statc/image55.jpg,5,finance,architecture,biology,nature,politics,,,,,
http://localhost/statc/image56.jpg,1,agriculture,business,history,,,,,,,
http://localhost/statc/image57.jpg,1,politics,space exploration,literature,finance,nature,geography,food,,,
http://localhost/statc/image58.jpg,5,,,,,,,,,,
http://localhost/statc/image59.jpg,3,health,astronomy,books,environment,architecture,fashion,nature,music,,
http://localhost/statc/image60.jpg,2,education,travel,literature,architecture,finance,space,social media,nature,physics,
http://localhost/statc/image61.jpg,5,entertainment,science,weather,,,,,,,
http://localhost/statc/image62.jpg,3,photography,cryptocurrency,chemistry,,,,,,,
http://localhost/statc/image63.jpg,3,architecture,agriculture,marketing,,,,,,,
http://localhost/statc/image64.jpg,5,history,,,,,,,,,
http://localhost/statc/image65.jpg,5,environment,animals,entertainment,literature,fashion,movies,nature,astronomy,books,
http://localhost/statc/image66.jpg,3,art,physics,movies,business,psychology,health,nature,literature,animals,chemistry
http://localhost/statc/image67.jpg,2,education,photography,politics,chemistry,psychology,cryptocurrency,medicine,,,
http://localhost/statc/image68.jpg,5,physics,agriculture,movies,animals,space exploration,,,,,
http://localhost/statc/image69.jpg,1,movies,space,social media,health,cryptocurrency,physics,books,food,history,weather
http://localhost/statc/image70.jpg,3,food,music,health,biology,animals,,,,,
http://localhost/statc/image71.jpg,3,movies,weather,literature,space exploration,agriculture,physics,health,,,
http://localhost/statc/image72.jpg,3,technology,health,politics,,,,,,,
http://localhost/statc/image73.jpg,4,environment,history,geography,food,astronomy,movies,,,,
http://localhost/statc/image74.jpg,5,entertainment,finance,social media,,,,,,,
http://localhost/statc/image75.jpg,4,physics,music,business,history,economics,animals,,,,
http://localhost/statc/image76.jpg,2,animals,architecture,social media,physics,fashion,astronomy,music,games,technology,
http://localhost/statc/image77.jpg,3,photography,technology,social media,,,,,,,
http://localhost/statc/image78.jpg,3,space,games,art,social media,politics,health,,,,
http://localhost/statc/image79.jpg,2,weather,food,cryptocurrency,books,marketing,chemistry,,,,
http://localhost/statc/image80.jpg,2,weather,movies,psychology,,,,,,,
http://localhost/statc/image81.jpg,1,education,travel,science,food,space exploration,entertainment,books,,,
http://localhost/statc/image82.jpg,4,education,cryptocurrency,environment,architecture,astronomy,geography,psychology,,,
http://localhost/statc/image83.jpg,3,architecture,economics,space,books,chemistry,food,,,,
http://localhost/statc/image84.jpg,2,business,space exploration,fashion,history,games,photography,travel,education,finance,
http://localhost/statc/image85.jpg,1,space,,,,,,,,,
http://localhost/statc/image86.jpg,2,sports,fashion,books,nature,architecture,music,economics,,,
http://localhost/statc/image87.jpg,1,economics,entertainment,psychology,biology,medicine,history,weather,,,
http://localhost/statc/image88.jpg,3,games,agriculture,,,,,,,,
http://localhost/statc/image89.jpg,3,history,medicine,sports,animals,environment,geography,business,,,
http://localhost/statc/image90.jpg,4,social media,literature,marketing,biology,,,,,,
http://localhost/statc/image91.jpg,1,,,,,,,,,,
http://localhost/statc/image92.jpg,4,social media,agriculture,space,books,nature,biology,,,,
http://localhost/statc/image93.jpg,5,music,science,,,,,,,,
http://localhost/statc/image94.jpg,4,,,,,,,,,,
http://localhost/statc/image95.jpg,3,geography,economics,art,business,music,health,space,animals,politics,
http://localhost/statc/image96.jpg,3,health,weather,medicine,science,energy,entertainment,astronomy,,,
http://localhost/statc/image97.jpg,2,architecture,photography,space,games,food,economics,travel,biology,literature,social media
http://localhost/statc/image98.jpg,5,,,,,,,,,,
http://localhost/statc/image99.jpg,5,photography,economics,nature,biology,,,,,,
http://localhost/statc/image100.jpg,4,books,,,,,,,,,
http://localhost/statc/image101.jpg,5,books,movies,geography,space,literature,economics,entertainment,cryptocurrency,,
http://localhost/statc/image102.jpg,4,architecture,fashion,entertainment,psychology,art,energy,weather,cryptocurrency,physics,music
http://localhost/statc/image103.jpg,5,psychology,books,sports,social media,travel,economics,business,literature,,
http://localhost/statc/image104.jpg,4,psychology,technology,physics,nature,energy,animals,,,,
http://localhost/statc/image105.jpg,3,games,history,,,,,,,,
http://localhost/statc/image106.jpg,3,astronomy,literature,nature,health,fashion,biology,entertainment,psychology,architecture,
http://localhost/statc/image107.jpg,3,energy,literature,sports,,,,,,,
http://localhost/statc/image108.jpg,4,politics,movies,cryptocurrency,,,,,,,
http://localhost/statc/image109.jpg,3,nature,marketing,architecture,art,health,,,,,
http://localhost/statc/image110.jpg,3,art,politics,animals,business,social media,cryptocurrency,medicine,technology,photography,environment
http://localhost/statc/image111.jpg,5,marketing,social media,science,technology,astronomy,finance,business,movies,space,
http://localhost/statc/image112.jpg,5,history,,,,,,,,,
http://localhost/statc/image113.jpg,4,art,geography,politics,fashion,,,,,,
http://localhost/statc/image114.jpg,2,geography,agriculture,art,fashion,psychology,weather,politics,medicine,nature,travel
http://localhost/statc/image115.jpg,2,architecture,geography,nature,education,fashion,economics,medicine,space,,
http://localhost/statc/image116.jpg,3,,,,,,,,,,
http://localhost/statc/image117.jpg,5,space,astronomy,social media,music,food,space exploration,,,,
http://localhost/statc/image118.jpg,3,science,technology,music,sports,entertainment,astronomy,energy,cryptocurrency,space,
http://localhost/statc/image119.jpg,3,sports,education,fashion,games,space,politics,,,,
http://localhost/statc/image120.jpg,1,agriculture,science,business,food,psychology,,,,,
http://localhost/statc/image121.jpg,3,photography,politics,nature,technology,medicine,agriculture,health,weather,art,
http://localhost/statc/image122.jpg,3,sports,literature,art,food,travel,medicine,biology,education,psychology,movies
http://localhost/statc/image123.jpg,5,architecture,books,geography,entertainment,animals,travel,energy,,,
http://localhost/statc/image124.jpg,2,education,social media,literature,technology,photography,sports,physics,,,
http://localhost/statc/image125.jpg,1,education,geography,animals,,,,,,,
http://localhost/statc/image126.jpg,4,physics,movies,biology,fashion,business,astronomy,architecture,weather,games,
http://localhost/statc/image127.jpg,2,marketing,animals,space,technology,geography,,,,,
http://localhost/statc/image128.jpg,3,travel,business,chemistry,animals,economics,,,,,
http://localhost/statc/image129.jpg,2,movies,entertainment,,,,,,,,
http://localhost/statc/image130.jpg,2,medicine,literature,economics,art,entertainment,geography,,,,
http://localhost/statc/image131.jpg,4,,,,,,,,,,
http://localhost/statc/image132.jpg,1,biology,,,,,,,,,
http://localhost/statc/image133.jpg,5,chemistry,architecture,astronomy,geography,travel,education,animals,science,,
http://localhost/statc/image134.jpg,5,music,cryptocurrency,finance,,,,,,,
http://localhost/statc/image135.jpg,2,literature,books,music,weather,space exploration,,,,,
http://localhost/statc/image136.jpg,2,,,,,,,,,,
http://localhost/statc/image137.jpg,3,travel,architecture,astronomy,photography,nature,health,space,sports,politics,literature
http://localhost/statc/image138.jpg,1,movies,space,,,,,,,,
http://localhost/statc/image139.jpg,1,books,art,chemistry,architecture,,,,,,
http://localhost/statc/image140.jpg,2,social media,space exploration,marketing,technology,energy,movies,space,psychology,,
http://localhost/statc/image141.jpg,3,food,space,photography,art,movies,music,nature,physics,,
http://localhost/statc/image142.jpg,5,medicine,books,architecture,business,nature,agriculture,travel,cryptocurrency,space,fashion
http://localhost/statc/image143.jpg,3,space exploration,physics,movies,finance,architecture,chemistry,literature,,,
http://localhost/statc/image144.jpg,4,history,food,social media,economics,music,movies,agriculture,finance,,
http://localhost/statc/image145.jpg,4,space,games,social media,education,physics,chemistry,psychology,,,
http://localhost/statc/image146.jpg,3,photography,cryptocurrency,social media,astronomy,movies,architecture,physics,games,economics,science
http://localhost/statc/image147.jpg,1,animals,health,music,literature,finance,medicine,social media,business,biology,
http://localhost/statc/image148.jpg,2,medicine,music,space,animals,agriculture,weather,books,energy,history,politics
http://localhost/statc/image149.jpg,3,,,,,,,,,,
http://localhost/statc/image150.jpg,5,biology,,,,,,,,,
http://localhost/statc/image151.jpg,4,medicine,photography,science,art,,,,,,
http://localhost/statc/image152.jpg,3,health,,,,,,,,,
http://localhost/statc/image153.jpg,1,agriculture,politics,,,,,,,,
http://localhost/statc/image154.jpg,2,business,education,food,photography,biology,literature,,,,
http://localhost/statc/image155.jpg,2,entertainment,social media,animals,food,physics,economics,movies,music,biology,psychology
http://localhost/statc/image156.jpg,3,movies,,,,,,,,,
http://localhost/statc/image157.jpg,1,space,business,medicine,,,,,,,
http://localhost/statc/image158.jpg,1,fashion,movies,food,social media,politics,art,architecture,finance,sports,agriculture
http://localhost/statc/image159.jpg,1,marketing,architecture,food,travel,,,,,,
http://localhost/statc/image160.jpg,4,marketing,photography,food,social media,music,sports,nature,animals,literature,politics
http://localhost/statc/image161.jpg,2,energy,cryptocurrency,nature,economics,games,history,architecture,politics,geography,finance
http://localhost/statc/image162.jpg,1,music,health,education,medicine,photography,,,,,
http://localhost/statc/image163.jpg,4,,,,,,,,,,
http://localhost/statc/image164.jpg,5,music,education,sports,environment,,,,,,
http://localhost/statc/image165.jpg,2,weather,politics,entertainment,games,,,,,,
http://localhost/statc/image166.jpg,2,art,health,photography,physics,,,,,,
http://localhost/statc/image167.jpg,5,music,medicine,architecture,food,movies,business,entertainment,,,
http://localhost/statc/image168.jpg,1,food,entertainment,biology,weather,space,psychology,art,travel,education,energy
http://localhost/statc/image169.jpg,4,architecture,games,finance,biology,literature,,,,,
http://localhost/statc/image170.jpg,3,history,sports,nature,social media,chemistry,economics,,,,
http://localhost/statc/image171.jpg,4,psychology,science,space,geography,physics,books,technology,,,
http://localhost/statc/image172.jpg,3,games,environment,literature,health,science,physics,marketing,movies,astronomy,
http://localhost/statc/image173.jpg,3,health,biology,medicine,technology,animals,history,business,economics,nature,education
http://localhost/statc/image174.jpg,1,physics,movies,technology,social media,chemistry,geography,biology,travel,,
http://localhost/statc/image175.jpg,5,travel,history,medicine,sports,physics,art,nature,books,,
http://localhost/statc/image176.jpg,2,education,politics,health,,,,,,,
http://localhost/statc/image177.jpg,1,medicine,social media,literature,weather,marketing,nature,technology,fashion,chemistry,
http://localhost/statc/image178.jpg,4,photography,architecture,space exploration,science,nature,,,,,
http://localhost/statc/image179.jpg,3,politics,space,entertainment,geography,social media,,,,,
http://localhost/statc/image180.jpg,3,games,health,,,,,,,,
http://localhost/statc/image181.jpg,3,psychology,photography,finance,entertainment,education,architecture,books,nature,politics,
http://localhost/statc/image182.jpg,1,politics,physics,energy,biology,weather,finance,food,sports,entertainment,music
http://localhost/statc/image183.jpg,3,entertainment,agriculture,environment,health,art,marketing,finance,psychology,economics,movies
http://localhost/statc/image184.jpg,3,chemistry,health,,,,,,,,
http://localhost/statc/image185.jpg,1,art,history,literature,education,sports,music,,,,
http://localhost/statc/image186.jpg,1,sports,literature,biology,space,travel,astronomy,photography,politics,,
http://localhost/statc/image187.jpg,3,medicine,movies,science,entertainment,literature,cryptocurrency,weather,chemistry,,
http://localhost/statc/image188.jpg,1,food,technology,music,astronomy,literature,weather,,,,
http://localhost/statc/image189.jpg,1,psychology,astronomy,nature,architecture,finance,chemistry,food,,,
http://localhost/statc/image190.jpg,2,cryptocurrency,,,,,,,,,
http://localhost/statc/image191.jpg,2,movies,animals,education,politics,technology,chemistry,psychology,energy,food,
http://localhost/statc/image192.jpg,5,psychology,space exploration,economics,space,nature,science,,,,
http://localhost/statc/image193.jpg,1,,,,,,,,,,
http://localhost/statc/image194.jpg,4,movies,space,entertainment,astronomy,photography,animals,nature,music,fashion,social media
http://localhost/statc/image195.jpg,3,psychology,food,economics,cryptocurrency,games,movies,,,,
http://localhost/statc/image196.jpg,2,games,space,physics,psychology,education,business,,,,
http://localhost/statc/image197.jpg,1,business,fashion,space exploration,finance,animals,energy,,,,
http://localhost/statc/image198.jpg,1,music,medicine,,,,,,,,
http://localhost/statc/image199.jpg,2,physics,energy,,,,,,,,
http://localhost/statc/image200.jpg,5,space,weather,space exploration,environment,marketing,architecture,photography,agriculture,cryptocurrency,movies
http://localhost/statc/image201.jpg,1,travel,,,,,,,,,
http://localhost/statc/image202.jpg,3,health,energy,games,technology,astronomy,politics,music,literature,movies,
http://localhost/statc/image203.jpg,3,movies,medicine,marketing,social media,psychology,space exploration,travel,business,technology,
http://localhost/statc/image204.jpg,4,psychology,agriculture,,,,,,,,
http://localhost/statc/image205.jpg,4,agriculture,history,,,,,,,,
http://localhost/statc/image206.jpg,3,games,,,,,,,,,
http://localhost/statc/image207.jpg,4,agriculture,technology,history,physics,,,,,,
http://localhost/statc/image208.jpg,3,,,,,,,,,,
http://localhost/statc/image209.jpg,1,technology,energy,psychology,,,,,,,
http://localhost/statc/image210.jpg,2,marketing,literature,social media,health,nature,psychology,,,,
http://localhost/statc/image211.jpg,1,geography,travel,nature,,,,,,,
http://localhost/statc/image212.jpg,1,literature,,,,,,,,,
http://localhost/statc/image213.jpg,2,games,education,,,,,,,,
http://localhost/statc/image214.jpg,4,finance,sports,geography,,,,,,,
http://localhost/statc/image215.jpg,5,food,politics,technology,science,history,,,,,
http://localhost/statc/image216.jpg,3,science,space exploration,technology,cryptocurrency,geography,games,fashion,weather,politics,
http://localhost/statc/image217.jpg,4,,,,,,,,,,
http://localhost/statc/image218.jpg,5,environment,animals,physics,movies,,,,,,
http://localhost/statc/image219.jpg,1,technology,weather,psychology,cryptocurrency,,,,,,
http://localhost/statc/image220.jpg,5,fashion,entertainment,food,architecture,marketing,medicine,biology,environment,astronomy,
http://localhost/statc/image221.jpg,3,architecture,education,finance,health,literature,medicine,technology,biology,,
http://localhost/statc/image222.jpg,3,health,travel,literature,movies,entertainment,science,,,,
http://localhost/statc/image223.jpg,3,cryptocurrency,,,,,,,,,
http://localhost/statc/image224.jpg,3,marketing,social media,,,,,,,,
http://localhost/statc/image225.jpg,3,psychology,music,travel,chemistry,sports,photography,health,finance,nature,
http://localhost/statc/image226.jpg,1,space,fashion,sports,biology,chemistry,politics,marketing,,,
http://localhost/statc/image227.jpg,3,,,,,,,,,,
http://localhost/statc/image228.jpg,1,psychology,social media,sports,photography,technology,geography,,,,
http://localhost/statc/image229.jpg,3,photography,education,health,social media,astronomy,,,,,
http://localhost/statc/image230.jpg,4,history,music,food,,,,,,,
http://localhost/statc/image231.jpg,5,food,science,education,sports,finance,geography,energy,psychology,art,space
http://localhost/statc/image232.jpg,4,art,agriculture,geography,finance,science,,,,,
http://localhost/statc/image233.jpg,1,history,medicine,architecture,nature,art,,,,,
http://localhost/statc/image234.jpg,4,chemistry,technology,architecture,nature,music,astronomy,history,science,agriculture,energy
http://localhost/statc/image235.jpg,2,social media,entertainment,music,,,,,,,
http://localhost/statc/image236.jpg,5,,,,,,,,,,
http://localhost/statc/image237.jpg,1,geography,education,travel,architecture,business,weather,history,,,
http://localhost/statc/image238.jpg,3,social media,space exploration,economics,marketing,health,medicine,psychology,,,
http://localhost/statc/image239.jpg,5,architecture,sports,cryptocurrency,food,science,,,,,
http://localhost/statc/image240.jpg,5,science,,,,,,,,,
http://localhost/statc/image241.jpg,2,history,marketing,nature,politics,energy,cryptocurrency,geography,literature,,
http://localhost/statc/image242.jpg,2,,,,,,,,,,
http://localhost/statc/image243.jpg,2,food,geography,finance,nature,technology,photography,environment,,,
http://localhost/statc/image244.jpg,2,geography,architecture,agriculture,travel,environment,health,cryptocurrency,,,
http://localhost/statc/image245.jpg,2,physics,art,science,economics,music,business,chemistry,psychology,,
http://localhost/statc/image246.jpg,2,space exploration,economics,weather,games,science,technology,literature,medicine,environment,marketing
http://localhost/statc/image247.jpg,5,space,entertainment,travel,,,,,,,
http://localhost/statc/image248.jpg,4,cryptocurrency,art,,,,,,,,
http://localhost/statc/image249.jpg,2,weather,space,medicine,entertainment,art,travel,sports,business,,
http://localhost/statc/image250.jpg,2,physics,cryptocurrency,animals,games,biology,agriculture,art,entertainment,psychology,
http://localhost/statc/image251.jpg,3,art,weather,health,biology,astronomy,social media,cryptocurrency,space,,
http://localhost/statc/image252.jpg,4,psychology,science,sports,politics,social media,astronomy,,,,
http://localhost/statc/image253.jpg,5,entertainment,architecture,travel,marketing,geography,technology,energy,psychology,,
http://localhost/statc/image254.jpg,4,cryptocurrency,astronomy,,,,,,,,
http://localhost/statc/image255.jpg,4,science,,,,,,,,,
http://localhost/statc/image256.jpg,3,nature,history,social media,,,,,,,
http://localhost/statc/image257.jpg,3,business,agriculture,energy,,,,,,,
http://localhost/statc/image258.jpg,3,energy,astronomy,movies,chemistry,technology,science,books,geography,business,space
http://localhost/statc/image259.jpg,4,economics,technology,business,literature,weather,agriculture,food,marketing,sports,physics
http://localhost/statc/image260.jpg,2,art,space exploration,astronomy,energy,food,health,psychology,marketing,chemistry,
http://localhost/statc/image261.jpg,1,food,marketing,,,,,,,,
http://localhost/statc/image262.jpg,3,history,,,,,,,,,
http://localhost/statc/image263.jpg,4,physics,,,,,,,,,
http://localhost/statc/image264.jpg,5,architecture,agriculture,economics,literature,biology,books,art,astronomy,science,environment
http://localhost/statc/image265.jpg,4,,,,,,,,,,
http://localhost/statc/image266.jpg,5,physics,space,cryptocurrency,economics,social media,food,,,,
http://localhost/statc/image267.jpg,1,fashion,art,entertainment,chemistry,physics,astronomy,weather,,,
http://localhost/statc/image268.jpg,2,literature,astronomy,music,health,sports,weather,cryptocurrency,environment,psychology,
http://localhost/statc/image269.jpg,5,medicine,education,politics,astronomy,games,art,environment,,,
http://localhost/statc/image270.jpg,3,art,literature,politics,social media,history,environment,medicine,music,,
http://localhost/statc/image271.jpg,2,health,agriculture,entertainment,politics,economics,education,history,weather,,
http://localhost/statc/image272.jpg,5,animals,space exploration,marketing,history,biology,art,,,,
http://localhost/statc/image273.jpg,1,,,,,,,,,,
http://localhost/statc/image274.jpg,4,agriculture,science,weather,education,environment,books,architecture,,,
http://localhost/statc/image275.jpg,1,astronomy,economics,physics,,,,,,,
http://localhost/statc/image276.jpg,2,biology,astronomy,nature,geography,,,,,,
http://localhost/statc/image277.jpg,4,geography,technology,science,space exploration,weather,books,,,,
http://localhost/statc/image278.jpg,3,medicine,technology,astronomy,,,,,,,
http://localhost/statc/image279.jpg,4,,,,,,,,,,
http://localhost/statc/image280.jpg,1,travel,social media,geography,chemistry,art,space exploration,history,health,cryptocurrency,agriculture
http://localhost/statc/image281.jpg,3,architecture,art,politics,music,finance,,,,,
http://localhost/statc/image282.jpg,4,agriculture,sports,economics,marketing,science,education,social media,,,
http://localhost/statc/image283.jpg,3,,,,,,,,,,
http://localhost/statc/image284.jpg,2,games,nature,psychology,marketing,medicine,food,,,,
http://localhost/statc/image285.jpg,3,chemistry,photography,music,animals,politics,books,health,,,
http://localhost/statc/image286.jpg,5,sports,biology,psychology,chemistry,geography,education,space,social media,,
http://localhost/statc/image287.jpg,2,energy,finance,health,psychology,sports,geography,physics,medicine,,
http://localhost/statc/image288.jpg,1,medicine,cryptocurrency,entertainment,education,art,travel,sports,astronomy,economics,
http://localhost/statc/image289.jpg,2,photography,space,politics,literature,education,physics,business,animals,chemistry,
http://localhost/statc/image290.jpg,2,games,entertainment,history,education,health,art,medicine,agriculture,sports,
http://localhost/statc/image291.jpg,1,psychology,finance,energy,health,travel,fashion,,,,
http://localhost/statc/image292.jpg,1,,,,,,,,,,
http://localhost/statc/image293.jpg,1,sports,education,geography,technology,politics,environment,,,,
http://localhost/statc/image294.jpg,3,business,history,literature,marketing,movies,geography,travel,photography,,
http://localhost/statc/image295.jpg,2,architecture,politics,nature,literature,animals,social media,books,entertainment,biology,cryptocurrency
http://localhost/statc/image296.jpg,4,travel,social media,books,geography,entertainment,,,,,
http://localhost/statc/image297.jpg,5,energy,,,,,,,,,
http://localhost/statc/image298.jpg,1,architecture,energy,entertainment,health,space exploration,physics,music,,,
http://localhost/statc/image299.jpg,3,technology,marketing,photography,entertainment,biology,health,education,geography,,
http://localhost/statc/image300.jpg,2,geography,games,,,,,,,,
http://localhost/statc/image301.jpg,4,food,movies,science,agriculture,,,,,,
http://localhost/statc/image302.jpg,5,biology,weather,space,environment,music,history,,,,
http://localhost/statc/image303.jpg,5,environment,space exploration,marketing,cryptocurrency,animals,nature,,,,
http://localhost/statc/image304.jpg,5,travel,,,,,,,,,
http://localhost/statc/image305.jpg,1,food,marketing,space,books,psychology,astronomy,music,finance,health,
http://localhost/statc/image306.jpg,3,music,energy,psychology,education,,,,,,
http://localhost/statc/image307.jpg,3,,,,,,,,,,
http://localhost/statc/image308.jpg,3,psychology,nature,weather,finance,chemistry,marketing,health,,,
http://localhost/statc/image309.jpg,5,psychology,nature,,,,,,,,
http://localhost/statc/image310.jpg,2,,,,,,,,,,
http://localhost/statc/image311.jpg,2,weather,business,environment,travel,history,animals,,,,
http://localhost/statc/image312.jpg,3,geography,movies,games,finance,medicine,economics,cryptocurrency,business,environment,animals
http://localhost/statc/image313.jpg,2,books,technology,cryptocurrency,,,,,,,
http://localhost/statc/image314.jpg,2,architecture,psychology,health,science,literature,environment,technology,games,,
http://localhost/statc/image315.jpg,5,physics,,,,,,,,,
http://localhost/statc/image316.jpg,1,art,,,,,,,,,
http://localhost/statc/image317.jpg,4,,,,,,,,,,
http://localhost/statc/image318.jpg,2,,,,,,,,,,
http://localhost/statc/image319.jpg,5,space,food,technology,movies,business,chemistry,economics,sports,,
http://localhost/statc/image320.jpg,1,education,literature,games,,,,,,,
http://localhost/statc/image321.jpg,4,nature,music,business,science,physics,,,,,
http://localhost/statc/image322.jpg,5,cryptocurrency,books,business,education,energy,entertainment,finance,,,
http://localhost/statc/image323.jpg,3,,,,,,,,,,
http://localhost/statc/image324.jpg,2,astronomy,,,,,,,,,
http://localhost/statc/image325.jpg,4,fashion,,,,,,,,,
http://localhost/statc/image326.jpg,2,marketing,economics,photography,art,biology,games,entertainment,,,
http://localhost/statc/image327.jpg,3,psychology,technology,education,architecture,environment,chemistry,business,animals,literature,
http://localhost/statc/image328.jpg,5,,,,,,,,,,
http://localhost/statc/image329.jpg,3,architecture,marketing,science,energy,,,,,,
http://localhost/statc/image330.jpg,1,space exploration,business,education,,,,,,,
http://localhost/statc/image331.jpg,3,energy,architecture,food,education,space exploration,chemistry,nature,medicine,,
http://localhost/statc/image332.jpg,3,,,,,,,,,,
http://localhost/statc/image333.jpg,1,sports,travel,movies,,,,,,,
http://localhost/statc/image334.jpg,3,food,science,technology,entertainment,literature,fashion,chemistry,cryptocurrency,physics,movies
http://localhost/statc/image335.jpg,1,physics,movies,food,space exploration,astronomy,,,,,
http://localhost/statc/image336.jpg,2,business,physics,fashion,architecture,space,photography,social media,cryptocurrency,economics,sports
http://localhost/statc/image337.jpg,2,technology,photography,energy,space,politics,books,games,cryptocurrency,,
http://localhost/statc/image338.jpg,3,music,entertainment,business,health,cryptocurrency,literature,travel,books,food,
http://localhost/statc/image339.jpg,2,entertainment,astronomy,history,books,music,chemistry,,,,
http://localhost/statc/image340.jpg,3,books,marketing,physics,animals,photography,,,,,
http://localhost/statc/image341.jpg,4,chemistry,,,,,,,,,
http://localhost/statc/image342.jpg,2,travel,environment,chemistry,health,medicine,finance,agriculture,art,,
http://localhost/statc/image343.jpg,2,technology,psychology,social media,chemistry,agriculture,space,energy,animals,,
http://localhost/statc/image344.jpg,2,energy,,,,,,,,,
http://localhost/statc/image345.jpg,3,agriculture,books,social media,education,,,,,,
http://localhost/statc/image346.jpg,2,business,finance,,,,,,,,
http://localhost/statc/image347.jpg,3,health,psychology,movies,,,,,,,
http://localhost/statc/image348.jpg,4,space exploration,economics,,,,,,,,
http://localhost/statc/image349.jpg,4,economics,education,biology,,,,,,,
http://localhost/statc/image350.jpg,3,social media,biology,finance,medicine,education,space exploration,movies,,,
http://localhost/statc/image351.jpg,2,travel,technology,nature,physics,cryptocurrency,chemistry,entertainment,agriculture,,
http://localhost/statc/image352.jpg,4,literature,,,,,,,,,
http://localhost/statc/image353.jpg,1,geography,cryptocurrency,photography,games,social media,art,physics,,,
http://localhost/statc/image354.jpg,2,economics,fashion,astronomy,space,travel,,,,,
http://localhost/statc/image355.jpg,1,finance,,,,,,,,,
http://localhost/statc/image356.jpg,5,education,nature,technology,cryptocurrency,weather,space exploration,travel,medicine,,
http://localhost/statc/image357.jpg,5,medicine,,,,,,,,,
http://localhost/statc/image358.jpg,4,travel,education,architecture,art,environment,literature,,,,
http://localhost/statc/image359.jpg,4,technology,,,,,,,,,
http://localhost/statc/image360.jpg,2,nature,business,energy,space exploration,history,agriculture,,,,
http://localhost/statc/image361.jpg,2,economics,politics,books,music,food,physics,games,history,chemistry,
http://localhost/statc/image362.jpg,5,books,medicine,fashion,business,entertainment,travel,marketing,space,,
http://localhost/statc/image363.jpg,4,food,education,business,marketing,art,,,,,
http://localhost/statc/image364.jpg,4,history,astronomy,social media,politics,movies,nature,space exploration,photography,chemistry,
http://localhost/statc/image365.jpg,5,astronomy,games,politics,science,fashion,cryptocurrency,business,,,
http://localhost/statc/image366.jpg,3,,,,,,,,,,
http://localhost/statc/image367.jpg,2,science,,,,,,,,,
http://localhost/statc/image368.jpg,2,books,business,music,environment,entertainment,,,,,
http://localhost/statc/image369.jpg,2,,,,,,,,,,
http://localhost/statc/image370.jpg,4,,,,,,,,,,
http://localhost/statc/image371.jpg,3,health,,,,,,,,,
http://localhost/statc/image372.jpg,1,environment,literature,games,weather,animals,food,fashion,science,,
http://localhost/statc/image373.jpg,1,science,marketing,chemistry,art,medicine,energy,business,cryptocurrency,,
http://localhost/statc/image374.jpg,2,photography,technology,education,finance,social media,literature,,,,
http://localhost/statc/image375.jpg,2,psychology,,,,,,,,,
http://localhost/statc/image376.jpg,4,science,movies,,,,,,,,
http://localhost/statc/image377.jpg,2,architecture,education,chemistry,history,,,,,,
http://localhost/statc/image378.jpg,3,animals,psychology,astronomy,history,,,,,,
http://localhost/statc/image379.jpg,2,,,,,,,,,,
http://localhost/statc/image380.jpg,5,geography,social media,cryptocurrency,science,sports,animals,space,movies,space exploration,astronomy
http://localhost/statc/image381.jpg,2,literature,politics,education,finance,photography,weather,history,,,
http://localhost/statc/image382.jpg,1,photography,,,,,,,,,
http://localhost/statc/image383.jpg,3,literature,biology,photography,architecture,politics,weather,geography,food,cryptocurrency,technology
http://localhost/statc/image384.jpg,5,business,entertainment,animals,,,,,,,
http://localhost/statc/image385.jpg,1,business,,,,,,,,,
http://localhost/statc/image386.jpg,2,energy,geography,agriculture,food,health,animals,fashion,biology,environment,
http://localhost/statc/image387.jpg,1,fashion,music,sports,animals,,,,,,
http://localhost/statc/image388.jpg,1,science,history,business,movies,animals,,,,,
http://localhost/statc/image389.jpg,2,movies,physics,travel,art,photography,music,agriculture,cryptocurrency,technology,energy
http://localhost/statc/image390.jpg,2,animals,space,music,geography,politics,cryptocurrency,physics,literature,,
http://localhost/statc/image391.jpg,3,food,finance,space,economics,entertainment,art,social media,chemistry,animals,travel
http://localhost/statc/image392.jpg,5,cryptocurrency,science,finance,geography,,,,,,
http://localhost/statc/image393.jpg,1,photography,movies,medicine,energy,food,books,sports,politics,fashion,agriculture
http://localhost/statc/image394.jpg,1,art,music,architecture,environment,chemistry,business,education,,,
http://localhost/statc/image395.jpg,4,physics,space exploration,photography,literature,politics,medicine,,,,
http://localhost/statc/image396.jpg,1,photography,nature,social media,literature,science,marketing,weather,finance,chemistry,psychology
http://localhost/statc/image397.jpg,5,marketing,games,energy,photography,agriculture,,,,,
http://localhost/statc/image398.jpg,3,economics,photography,psychology,art,chemistry,politics,space,space exploration,,
http://localhost/statc/image399.jpg,3,travel,business,chemistry,music,food,architecture,physics,environment,health,
http://localhost/statc/image400.jpg,1,astronomy,nature,art,,,,,,,
http://localhost/statc/image401.jpg,2,cryptocurrency,architecture,agriculture,books,,,,,,
http://localhost/statc/image402.jpg,2,travel,fashion,politics,,,,,,,
http://localhost/statc/image403.jpg,1,,,,,,,,,,
http://localhost/statc/image404.jpg,1,literature,movies,,,,,,,,
http://localhost/statc/image405.jpg,3,,,,,,,,,,
http://localhost/statc/image406.jpg,2,chemistry,environment,business,agriculture,,,,,,
http://localhost/statc/image407.jpg,4,technology,,,,,,,,,
http://localhost/statc/image408.jpg,3,health,nature,biology,sports,,,,,,
http://localhost/statc/image409.jpg,2,space exploration,astronomy,science,environment,,,,,,
http://localhost/statc/image410.jpg,2,psychology,education,fashion,finance,biology,,,,,
http://localhost/statc/image411.jpg,2,marketing,geography,space,environment,politics,architecture,astronomy,nature,sports,books
http://localhost/statc/image412.jpg,3,,,,,,,,,,
http://localhost/statc/image413.jpg,2,astronomy,,,,,,,,,
http://localhost/statc/image414.jpg,5,agriculture,history,literature,economics,architecture,sports,social media,physics,politics,medicine
http://localhost/statc/image415.jpg,4,agriculture,geography,food,medicine,science,physics,marketing,games,finance,nature
http://localhost/statc/image416.jpg,5,chemistry,nature,science,food,travel,politics,sports,,,
http://localhost/statc/image417.jpg,4,architecture,marketing,geography,technology,,,,,,
http://localhost/statc/image418.jpg,5,energy,finance,nature,architecture,education,geography,photography,space,business,
http://localhost/statc/image419.jpg,2,biology,photography,animals,health,,,,,,
http://localhost/statc/image420.jpg,3,health,entertainment,economics,,,,,,,
http://localhost/statc/image421.jpg,3,games,sports,economics,entertainment,science,biology,,,,
http://localhost/statc/image422.jpg,5,chemistry,environment,entertainment,photography,,,,,,
http://localhost/statc/image423.jpg,2,art,physics,entertainment,health,astronomy,animals,fashion,,,
http://localhost/statc/image424.jpg,4,music,cryptocurrency,technology,chemistry,architecture,geography,photography,,,
http://localhost/statc/image425.jpg,4,games,cryptocurrency,environment,sports,architecture,art,animals,,,
http://localhost/statc/image426.jpg,3,entertainment,fashion,books,psychology,social media,science,economics,health,medicine,
http://localhost/statc/image427.jpg,3,literature,science,space,weather,art,health,cryptocurrency,astronomy,,
http://localhost/statc/image428.jpg,1,entertainment,biology,art,space,history,agriculture,literature,,,
http://localhost/statc/image429.jpg,4,photography,music,nature,finance,food,,,,,
http://localhost/statc/image430.jpg,1,fashion,food,energy,economics,travel,environment,books,agriculture,medicine,business
http://localhost/statc/image431.jpg,5,sports,economics,chemistry,,,,,,,
http://localhost/statc/image432.jpg,4,finance,,,,,,,,,
http://localhost/statc/image433.jpg,1,biology,music,animals,,,,,,,
http://localhost/statc/image434.jpg,3,environment,sports,books,food,business,cryptocurrency,games,finance,economics,
http://localhost/statc/image435.jpg,3,business,games,history,geography,psychology,education,cryptocurrency,food,nature,
http://localhost/statc/image436.jpg,3,space,education,geography,marketing,politics,health,astronomy,nature,psychology,
http://localhost/statc/image437.jpg,2,agriculture,weather,,,,,,,,
http://localhost/statc/image438.jpg,3,health,food,,,,,,,,
http://localhost/statc/image439.jpg,1,history,business,technology,chemistry,finance,nature,education,,,
http://localhost/statc/image440.jpg,2,agriculture,biology,chemistry,music,,,,,,
http://localhost/statc/image441.jpg,2,,,,,,,,,,
http://localhost/statc/image442.jpg,2,animals,psychology,social media,geography,agriculture,architecture,books,sports,science,chemistry
http://localhost/statc/image443.jpg,3,marketing,music,literature,,,,,,,
http://localhost/statc/image444.jpg,4,physics,nature,agriculture,movies,books,fashion,education,,,
http://localhost/statc/image445.jpg,1,geography,chemistry,,,,,,,,
http://localhost/statc/image446.jpg,3,music,education,social media,politics,agriculture,history,sports,weather,business,
http://localhost/statc/image447.jpg,2,entertainment,photography,health,astronomy,sports,finance,literature,movies,economics,psychology
http://localhost/statc/image448.jpg,2,science,,,,,,,,,
http://localhost/statc/image449.jpg,1,education,marketing,fashion,social media,movies,,,,,
http://localhost/statc/image450.jpg,3,environment,biology,books,food,entertainment,space exploration,technology,business,health,agriculture
http://localhost/statc/image451.jpg,5,nature,astronomy,social media,books,photography,economics,entertainment,history,psychology,travel
http://localhost/statc/image452.jpg,5,education,physics,entertainment,games,agriculture,nature,finance,space exploration,movies,music
http://localhost/statc/image453.jpg,3,agriculture,weather,music,technology,psychology,health,cryptocurrency,history,nature,games
http://localhost/statc/image454.jpg,2,food,art,space,animals,chemistry,architecture,fashion,geography,,
http://localhost/statc/image455.jpg,4,marketing,photography,,,,,,,,
http://localhost/statc/image456.jpg,3,politics,nature,space,environment,photography,economics,,,,
http://localhost/statc/image457.jpg,4,music,science,movies,finance,marketing,books,fashion,animals,psychology,
http://localhost/statc/image458.jpg,1,history,cryptocurrency,weather,education,politics,business,architecture,books,,
http://localhost/statc/image459.jpg,1,environment,education,geography,art,business,animals,,,,
http://localhost/statc/image460.jpg,1,psychology,sports,biology,literature,physics,politics,,,,
http://localhost/statc/image461.jpg,1,science,books,energy,music,chemistry,,,,,
http://localhost/statc/image462.jpg,3,education,physics,marketing,games,biology,business,health,food,,
http://localhost/statc/image463.jpg,5,space exploration,literature,politics,cryptocurrency,games,music,history,,,
http://localhost/statc/image464.jpg,2,energy,art,food,weather,history,economics,architecture,geography,music,agriculture
http://localhost/statc/image465.jpg,5,weather,physics,science,technology,,,,,,
http://localhost/statc/image466.jpg,3,food,music,health,architecture,education,biology,art,chemistry,astronomy,
http://localhost/statc/image467.jpg,3,architecture,food,,,,,,,,
http://localhost/statc/image468.jpg,2,weather,photography,architecture,agriculture,music,space exploration,physics,fashion,technology,marketing
http://localhost/statc/image469.jpg,3,,,,,,,,,,
http://localhost/statc/image470.jpg,1,music,photography,,,,,,,,
http://localhost/statc/image471.jpg,3,entertainment,space exploration,environment,sports,photography,music,travel,agriculture,,
http://localhost/statc/image472.jpg,1,science,nature,psychology,cryptocurrency,education,,,,,
http://localhost/statc/image473.jpg,2,agriculture,geography,technology,business,travel,entertainment,art,,,
http://localhost/statc/image474.jpg,5,,,,,,,,,,
http://localhost/statc/image475.jpg,5,music,literature,,,,,,,,
http://localhost/statc/image476.jpg,1,politics,medicine,education,literature,economics,environment,social media,architecture,,
http://localhost/statc/image477.jpg,2,finance,space exploration,science,environment,cryptocurrency,agriculture,biology,,,
http://localhost/statc/image478.jpg,2,food,space,weather,animals,business,art,fashion,,,
http://localhost/statc/image479.jpg,4,history,finance,food,education,,,,,,
http://localhost/statc/image480.jpg,1,animals,technology,,,,,,,,
http://localhost/statc/image481.jpg,5,technology,architecture,business,agriculture,music,psychology,,,,
http://localhost/statc/image482.jpg,3,cryptocurrency,,,,,,,,,
http://localhost/statc/image483.jpg,1,energy,politics,history,space exploration,music,physics,science,travel,weather,health
http://localhost/statc/image484.jpg,2,space,marketing,art,space exploration,movies,science,finance,agriculture,,
http://localhost/statc/image485.jpg,3,movies,nature,cryptocurrency,astronomy,animals,physics,sports,,,
http://localhost/statc/image486.jpg,5,medicine,social media,environment,art,,,,,,
http://localhost/statc/image487.jpg,2,psychology,health,space,biology,movies,chemistry,,,,
http://localhost/statc/image488.jpg,3,geography,space,,,,,,,,
http://localhost/statc/image489.jpg,2,music,business,history,agriculture,photography,,,,,
http://localhost/statc/image490.jpg,4,technology,chemistry,cryptocurrency,economics,medicine,geography,history,astronomy,,
http://localhost/statc/image491.jpg,3,literature,astronomy,biology,architecture,medicine,space exploration,,,,
http://localhost/statc/image492.jpg,1,music,medicine,marketing,business,space exploration,architecture,,,,
http://localhost/statc/image493.jpg,3,,,,,,,,,,
http://localhost/statc/image494.jpg,5,astronomy,architecture,sports,music,chemistry,photography,,,,
http://localhost/statc/image495.jpg,5,,,,,,,,,,
http://localhost/statc/image496.jpg,3,environment,biology,health,psychology,science,politics,technology,entertainment,literature,
http://localhost/statc/image497.jpg,5,photography,science,business,,,,,,,
http://localhost/statc/image498.jpg,5,entertainment,books,,,,,,,,
http://localhost/statc/image499.jpg,5,politics,food,education,astronomy,,,,,,
http://localhost/statc/image500.jpg,4,movies,finance,fashion,,,,,,,
http://localhost/statc/image501.jpg,1,literature,education,environment,biology,movies,,,,,
http://localhost/statc/image502.jpg,5,music,astronomy,animals,psychology,fashion,energy,weather,art,business,economics
http://localhost/statc/image503.jpg,2,psychology,technology,literature,fashion,medicine,health,,,,
http://localhost/statc/image504.jpg,1,astronomy,art,biology,politics,psychology,weather,education,business,,
http://localhost/statc/image505.jpg,3,architecture,medicine,energy,politics,health,,,,,
http://localhost/statc/image506.jpg,1,technology,economics,nature,games,architecture,,,,,
http://localhost/statc/image507.jpg,2,weather,economics,biology,fashion,,,,,,
http://localhost/statc/image508.jpg,4,economics,literature,education,,,,,,,
http://localhost/statc/image509.jpg,4,technology,history,movies,,,,,,,
http://localhost/statc/image510.jpg,2,,,,,,,,,,
http://localhost/statc/image511.jpg,3,chemistry,,,,,,,,,
http://localhost/statc/image512.jpg,3,space,medicine,games,education,sports,physics,health,literature,environment,
http://localhost/statc/image513.jpg,2,nature,,,,,,,,,
http://localhost/statc/image514.jpg,3,astronomy,health,sports,,,,,,,
http://localhost/statc/image515.jpg,5,environment,economics,weather,,,,,,,
http://localhost/statc/image516.jpg,1,history,space exploration,literature,energy,politics,nature,environment,finance,biology,
http://localhost/statc/image517.jpg,5,space,physics,,,,,,,,
http://localhost/statc/image518.jpg,3,entertainment,nature,health,,,,,,,
http://localhost/statc/image519.jpg,5,art,architecture,sports,books,,,,,,
http://localhost/statc/image520.jpg,1,,,,,,,,,,
http://localhost/statc/image521.jpg,4,weather,space,energy,environment,sports,art,books,chemistry,,
http://localhost/statc/image522.jpg,4,history,art,energy,marketing,books,education,space exploration,animals,games,cryptocurrency
http://localhost/statc/image523.jpg,1,social media,business,history,psychology,cryptocurrency,biology,,,,
http://localhost/statc/image524.jpg,2,chemistry,agriculture,movies,space,music,weather,,,,
http://localhost/statc/image525.jpg,4,books,,,,,,,,,
http://localhost/statc/image526.jpg,2,history,business,environment,,,,,,,
http://localhost/statc/image527.jpg,3,art,movies,psychology,marketing,health,music,cryptocurrency,architecture,astronomy,literature
http://localhost/statc/image528.jpg,3,environment,economics,nature,psychology,agriculture,technology,space exploration,music,cryptocurrency,marketing
http://localhost/statc/image529.jpg,1,business,history,sports,geography,energy,astronomy,art,,,
http://localhost/statc/image530.jpg,1,chemistry,economics,space exploration,movies,,,,,,
http://localhost/statc/image531.jpg,2,sports,,,,,,,,,
http://localhost/statc/image532.jpg,4,history,chemistry,sports,geography,cryptocurrency,medicine,,,,
http://localhost/statc/image533.jpg,3,health,architecture,geography,history,weather,astronomy,sports,travel,music,
http://localhost/statc/image534.jpg,2,business,music,chemistry,photography,,,,,,
http://localhost/statc/image535.jpg,1,economics,art,space exploration,food,medicine,technology,,,,
http://localhost/statc/image536.jpg,4,finance,medicine,architecture,chemistry,weather,animals,astronomy,biology,art,
http://localhost/statc/image537.jpg,3,animals,history,architecture,space exploration,,,,,,
http://localhost/statc/image538.jpg,3,literature,politics,geography,chemistry,,,,,,
http://localhost/statc/image539.jpg,4,travel,biology,astronomy,literature,sports,physics,technology,economics,history,art
http://localhost/statc/image540.jpg,3,fashion,agriculture,travel,science,,,,,,
http://localhost/statc/image541.jpg,4,movies,music,biology,politics,technology,astronomy,education,travel,,
http://localhost/statc/image542.jpg,1,fashion,finance,health,cryptocurrency,books,environment,energy,travel,,
http://localhost/statc/image543.jpg,4,entertainment,travel,,,,,,,,
http://localhost/statc/image544.jpg,2,animals,psychology,energy,books,music,sports,technology,photography,fashion,cryptocurrency
http://localhost/statc/image545.jpg,4,finance,literature,agriculture,education,sports,art,books,,,
http://localhost/statc/image546.jpg,5,photography,food,fashion,cryptocurrency,music,,,,,
http://localhost/statc/image547.jpg,2,economics,social media,science,marketing,food,music,agriculture,photography,fashion,sports
http://localhost/statc/image548.jpg,2,science,marketing,environment,finance,architecture,chemistry,travel,,,
http://localhost/statc/image549.jpg,2,entertainment,architecture,astronomy,games,geography,marketing,music,health,politics,
http://localhost/statc/image550.jpg,3,,,,,,,,,,
http://localhost/statc/image551.jpg,1,architecture,politics,cryptocurrency,,,,,,,
http://localhost/statc/image552.jpg,4,physics,,,,,,,,,
http://localhost/statc/image553.jpg,1,astronomy,literature,energy,photography,social media,books,cryptocurrency,space,chemistry,food
http://localhost/statc/image554.jpg,3,space,energy,history,agriculture,,,,,,
http://localhost/statc/image555.jpg,2,geography,social media,,,,,,,,
http://localhost/statc/image556.jpg,4,literature,food,space,physics,sports,economics,,,,
http://localhost/statc/image557.jpg,2,games,nature,,,,,,,,
http://localhost/statc/image558.jpg,5,physics,medicine,,,,,,,,
http://localhost/statc/image559.jpg,4,business,space,psychology,politics,nature,animals,architecture,sports,chemistry,
http://localhost/statc/image560.jpg,4,entertainment,space,food,finance,psychology,business,,,,
http://localhost/statc/image561.jpg,2,environment,travel,psychology,animals,medicine,,,,,
http://localhost/statc/image562.jpg,2,agriculture,geography,science,,,,,,,
http://localhost/statc/image563.jpg,2,chemistry,energy,environment,literature,education,geography,entertainment,technology,medicine,psychology
http://localhost/statc/image564.jpg,5,nature,astronomy,education,,,,,,,
http://localhost/statc/image565.jpg,2,movies,games,science,politics,architecture,animals,,,,
http://localhost/statc/image566.jpg,3,technology,games,finance,travel,movies,social media,music,marketing,,
http://localhost/statc/image567.jpg,4,biology,nature,education,,,,,,,
http://localhost/statc/image568.jpg,2,business,movies,finance,biology,health,art,weather,animals,sports,entertainment
http://localhost/statc/image569.jpg,3,finance,food,weather,,,,,,,
http://localhost/statc/image570.jpg,4,agriculture,politics,environment,biology,entertainment,medicine,,,,
http://localhost/statc/image571.jpg,4,fashion,photography,marketing,,,,,,,
http://localhost/statc/image572.jpg,1,,,,,,,,,,
http://localhost/statc/image573.jpg,1,,,,,,,,,,
http://localhost/statc/image574.jpg,5,art,books,geography,,,,,,,
http://localhost/statc/image575.jpg,2,social media,marketing,geography,,,,,,,
http://localhost/statc/image576.jpg,3,health,food,sports,fashion,agriculture,books,space,,,
http://localhost/statc/image577.jpg,5,sports,space exploration,photography,nature,energy,biology,politics,weather,art,
http://localhost/statc/image578.jpg,1,education,space exploration,business,fashion,technology,travel,,,,
http://localhost/statc/image579.jpg,4,finance,medicine,cryptocurrency,marketing,energy,architecture,physics,environment,history,
http://localhost/statc/image580.jpg,3,animals,books,photography,architecture,health,,,,,
http://localhost/statc/image581.jpg,3,art,chemistry,business,agriculture,politics,geography,space exploration,psychology,education,
http://localhost/statc/image582.jpg,5,movies,geography,sports,business,,,,,,
http://localhost/statc/image583.jpg,5,nature,entertainment,movies,physics,cryptocurrency,social media,chemistry,history,animals,
http://localhost/statc/image584.jpg,4,environment,science,sports,games,art,literature,,,,
http://localhost/statc/image585.jpg,3,marketing,movies,psychology,energy,music,,,,,
http://localhost/statc/image586.jpg,3,animals,biology,psychology,education,technology,nature,marketing,medicine,physics,
http://localhost/statc/image587.jpg,2,,,,,,,,,,
http://localhost/statc/image588.jpg,5,astronomy,space exploration,art,chemistry,movies,agriculture,books,,,
http://localhost/statc/image589.jpg,4,space,weather,biology,fashion,social media,energy,psychology,medicine,astronomy,books
http://localhost/statc/image590.jpg,3,medicine,economics,,,,,,,,
http://localhost/statc/image591.jpg,2,travel,business,biology,movies,games,politics,education,,,
http://localhost/statc/image592.jpg,5,fashion,cryptocurrency,sports,books,weather,,,,,
http://localhost/statc/image593.jpg,3,photography,architecture,entertainment,nature,,,,,,
http://localhost/statc/image594.jpg,4,photography,medicine,energy,space,psychology,books,agriculture,astronomy,animals,physics
http://localhost/statc/image595.jpg,4,agriculture,,,,,,,,,
http://localhost/statc/image596.jpg,4,sports,history,books,energy,agriculture,social media,economics,space exploration,space,
http://localhost/statc/image597.jpg,2,sports,food,architecture,cryptocurrency,astronomy,weather,chemistry,history,,
http://localhost/statc/image598.jpg,5,nature,literature,history,art,travel,business,science,,,
http://localhost/statc/image599.jpg,2,literature,physics,business,,,,,,,
http://localhost/statc/image600.jpg,2,games,politics,books,business,history,sports,nature,biology,energy,education
http://localhost/statc/image601.jpg,5,energy,social media,fashion,,,,,,,
http://localhost/statc/image602.jpg,5,politics,fashion,energy,business,,,,,,
http://localhost/statc/image603.jpg,2,art,astronomy,biology,entertainment,science,fashion,business,education,space exploration,psychology
http://localhost/statc/image604.jpg,3,history,food,architecture,social media,literature,,,,,
http://localhost/statc/image605.jpg,3,energy,,,,,,,,,
http://localhost/statc/image606.jpg,4,architecture,chemistry,literature,geography,food,economics,sports,,,
http://localhost/statc/image607.jpg,3,history,travel,energy,space exploration,art,,,,,
http://localhost/statc/image608.jpg,5,sports,astronomy,technology,education,science,physics,finance,history,food,
http://localhost/statc/image609.jpg,5,architecture,animals,psychology,agriculture,energy,physics,games,space exploration,,
http://localhost/statc/image610.jpg,5,sports,marketing,fashion,space exploration,history,chemistry,,,,
http://localhost/statc/image611.jpg,4,energy,weather,architecture,history,astronomy,finance,books,food,space,biology
http://localhost/statc/image612.jpg,3,health,politics,cryptocurrency,,,,,,,
http://localhost/statc/image613.jpg,5,geography,sports,physics,games,technology,biology,space exploration,politics,agriculture,movies
http://localhost/statc/image614.jpg,3,social media,,,,,,,,,
http://localhost/statc/image615.jpg,3,finance,games,music,geography,weather,history,agriculture,,,
http://localhost/statc/image616.jpg,4,psychology,business,books,games,,,,,,
http://localhost/statc/image617.jpg,1,health,economics,history,agriculture,food,,,,,
http://localhost/statc/image618.jpg,5,space,space exploration,geography,animals,fashion,entertainment,agriculture,social media,cryptocurrency,
http://localhost/statc/image619.jpg,2,sports,fashion,geography,space exploration,food,cryptocurrency,politics,,,
http://localhost/statc/image620.jpg,5,animals,history,,,,,,,,
http://localhost/statc/image621.jpg,4,education,agriculture,sports,history,finance,astronomy,environment,,,
http://localhost/statc/image622.jpg,2,physics,energy,politics,history,space,,,,,
http://localhost/statc/image623.jpg,3,cryptocurrency,travel,,,,,,,,
http://localhost/statc/image624.jpg,3,fashion,education,books,chemistry,marketing,photography,entertainment,technology,,
http://localhost/statc/image625.jpg,4,,,,,,,,,,
http://localhost/statc/image626.jpg,3,literature,history,art,astronomy,space exploration,games,medicine,health,animals,movies
http://localhost/statc/image627.jpg,5,sports,art,literature,movies,architecture,food,education,,,
http://localhost/statc/image628.jpg,4,education,sports,,,,,,,,
http://localhost/statc/image629.jpg,4,space exploration,social media,,,,,,,,
http://localhost/statc/image630.jpg,2,movies,chemistry,games,books,astronomy,health,space,,,
http://localhost/statc/image631.jpg,5,biology,books,physics,weather,animals,literature,chemistry,,,
http://localhost/statc/image632.jpg,2,marketing,astronomy,food,,,,,,,
http://localhost/statc/image633.jpg,2,marketing,education,history,,,,,,,
http://localhost/statc/image634.jpg,5,social media,music,,,,,,,,
http://localhost/statc/image635.jpg,3,travel,astronomy,history,movies,geography,business,economics,space,animals,
http://localhost/statc/image636.jpg,4,,,,,,,,,,
http://localhost/statc/image637.jpg,4,space exploration,games,chemistry,,,,,,,
http://localhost/statc/image638.jpg,4,astronomy,chemistry,architecture,science,books,cryptocurrency,,,,
http://localhost/statc/image639.jpg,2,animals,social media,photography,astronomy,energy,environment,finance,books,health,
http://localhost/statc/image640.jpg,1,social media,business,art,entertainment,food,environment,photography,cryptocurrency,astronomy,
http://localhost/statc/image641.jpg,2,photography,chemistry,business,medicine,space exploration,entertainment,weather,psychology,,
http://localhost/statc/image642.jpg,5,weather,entertainment,,,,,,,,
http://localhost/statc/image643.jpg,1,music,biology,energy,health,literature,games,animals,medicine,,
http://localhost/statc/image644.jpg,4,weather,agriculture,technology,art,animals,fashion,environment,games,chemistry,literature
http://localhost/statc/image645.jpg,3,astronomy,architecture,history,art,photography,,,,,
http://localhost/statc/image646.jpg,3,health,space exploration,finance,books,,,,,,
http://localhost/statc/image647.jpg,1,architecture,business,education,environment,politics,chemistry,,,,
http://localhost/statc/image648.jpg,3,movies,environment,games,energy,space,medicine,weather,health,nature,psychology
http://localhost/statc/image649.jpg,3,history,agriculture,finance,,,,,,,
http://localhost/statc/image650.jpg,2,photography,,,,,,,,,
http://localhost/statc/image651.jpg,2,travel,,,,,,,,,
http://localhost/statc/image652.jpg,3,environment,movies,health,books,photography,space exploration,biology,,,
http://localhost/statc/image653.jpg,5,,,,,,,,,,
http://localhost/statc/image654.jpg,1,biology,,,,,,,,,
http://localhost/statc/image655.jpg,5,art,music,,,,,,,,
http://localhost/statc/image656.jpg,1,nature,,,,,,,,,
http://localhost/statc/image657.jpg,1,sports,movies,photography,animals,science,books,food,politics,architecture,
http://localhost/statc/image658.jpg,5,travel,science,,,,,,,,
http://localhost/statc/image659.jpg,3,social media,cryptocurrency,education,literature,books,,,,,
http://localhost/statc/image660.jpg,3,education,cryptocurrency,sports,architecture,medicine,chemistry,health,science,,
http://localhost/statc/image661.jpg,3,food,medicine,animals,cryptocurrency,sports,travel,physics,technology,,
http://localhost/statc/image662.jpg,3,entertainment,movies,psychology,health,,,,,,
http://localhost/statc/image663.jpg,2,architecture,music,cryptocurrency,business,space,education,environment,finance,,
http://localhost/statc/image664.jpg,4,politics,energy,fashion,agriculture,cryptocurrency,economics,photography,literature,entertainment,nature
http://localhost/statc/image665.jpg,3,cryptocurrency,energy,,,,,,,,
http://localhost/statc/image666.jpg,2,medicine,weather,entertainment,history,agriculture,energy,cryptocurrency,fashion,biology,finance
http://localhost/statc/image667.jpg,2,cryptocurrency,sports,literature,medicine,business,chemistry,technology,politics,finance,social media
http://localhost/statc/image668.jpg,3,chemistry,photography,sports,agriculture,medicine,economics,history,education,,
http://localhost/statc/image669.jpg,5,sports,travel,books,history,physics,science,space,entertainment,,
http://localhost/statc/image670.jpg,1,architecture,biology,animals,politics,energy,social media,weather,history,movies,
http://localhost/statc/image671.jpg,4,,,,,,,,,,
http://localhost/statc/image672.jpg,5,cryptocurrency,travel,food,agriculture,business,fashion,physics,geography,,
http://localhost/statc/image673.jpg,2,science,weather,,,,,,,,
http://localhost/statc/image674.jpg,3,biology,,,,,,,,,
http://localhost/statc/image675.jpg,2,geography,food,medicine,,,,,,,
http://localhost/statc/image676.jpg,2,,,,,,,,,,
http://localhost/statc/image677.jpg,2,photography,economics,science,health,nature,environment,literature,psychology,animals,
http://localhost/statc/image678.jpg,5,weather,environment,medicine,space exploration,art,sports,psychology,literature,,
http://localhost/statc/image679.jpg,2,cryptocurrency,fashion,history,education,technology,,,,,
http://localhost/statc/image680.jpg,2,,,,,,,,,,
http://localhost/statc/image681.jpg,5,travel,finance,space exploration,medicine,marketing,energy,,,,
http://localhost/statc/image682.jpg,2,photography,weather,food,space,environment,music,nature,sports,,
http://localhost/statc/image683.jpg,5,history,geography,,,,,,,,
http://localhost/statc/image684.jpg,1,games,finance,space,business,movies,weather,social media,health,astronomy,energy
http://localhost/statc/image685.jpg,4,movies,,,,,,,,,
http://localhost/statc/image686.jpg,3,marketing,psychology,art,astronomy,,,,,,
http://localhost/statc/image687.jpg,1,movies,weather,travel,animals,games,nature,physics,space,entertainment,environment
http://localhost/statc/image688.jpg,1,medicine,food,education,books,nature,science,politics,environment,,
http://localhost/statc/image689.jpg,5,art,animals,chemistry,geography,nature,,,,,
http://localhost/statc/image690.jpg,1,,,,,,,,,,
http://localhost/statc/image691.jpg,2,,,,,,,,,,
http://localhost/statc/image692.jpg,1,history,weather,animals,economics,politics,finance,food,energy,books,biology
http://localhost/statc/image693.jpg,4,music,agriculture,entertainment,,,,,,,
http://localhost/statc/image694.jpg,1,movies,travel,economics,music,geography,social media,health,politics,astronomy,
http://localhost/statc/image695.jpg,5,education,politics,literature,biology,finance,psychology,games,,,
http://localhost/statc/image696.jpg,2,history,entertainment,astronomy,finance,music,literature,,,,
http://localhost/statc/image697.jpg,1,marketing,nature,psychology,economics,photography,food,geography,movies,history,
http://localhost/statc/image698.jpg,1,,,,,,,,,,
http://localhost/statc/image699.jpg,4,biology,movies,,,,,,,,
http://localhost/statc/image700.jpg,5,physics,biology,photography,agriculture,travel,,,,,
http://localhost/statc/image701.jpg,2,sports,cryptocurrency,travel,,,,,,,
http://localhost/statc/image702.jpg,4,marketing,space exploration,finance,architecture,music,,,,,
http://localhost/statc/image703.jpg,1,space,architecture,astronomy,,,,,,,
http://localhost/statc/image704.jpg,2,finance,biology,,,,,,,,
http://localhost/statc/image705.jpg,1,,,,,,,,,,
http://localhost/statc/image706.jpg,2,marketing,fashion,,,,,,,,
http://localhost/statc/image707.jpg,1,fashion,psychology,photography,education,business,chemistry,food,games,art,weather
http://localhost/statc/image708.jpg,5,business,astronomy,music,marketing,agriculture,social media,space,chemistry,,
http://localhost/statc/image709.jpg,1,space,health,environment,psychology,history,technology,movies,biology,photography,business
http://localhost/statc/image710.jpg,3,physics,,,,,,,,,
http://localhost/statc/image711.jpg,5,cryptocurrency,geography,music,marketing,books,,,,,
http://localhost/statc/image712.jpg,4,fashion,,,,,,,,,
http://localhost/statc/image713.jpg,1,music,food,games,medicine,travel,education,history,,,
http://localhost/statc/image714.jpg,3,chemistry,health,education,economics,art,entertainment,,,,
http://localhost/statc/image715.jpg,3,cryptocurrency,biology,animals,astronomy,politics,fashion,health,technology,photography,
http://localhost/statc/image716.jpg,3,social media,finance,business,marketing,health,,,,,
http://localhost/statc/image717.jpg,3,environment,space exploration,marketing,energy,biology,chemistry,,,,
http://localhost/statc/image718.jpg,2,business,art,weather,marketing,architecture,,,,,
http://localhost/statc/image719.jpg,2,fashion,marketing,physics,chemistry,,,,,,
http://localhost/statc/image720.jpg,4,movies,fashion,psychology,,,,,,,
http://localhost/statc/image721.jpg,2,economics,medicine,social media,space,geography,architecture,technology,movies,photography,
http://localhost/statc/image722.jpg,1,,,,,,,,,,
http://localhost/statc/image723.jpg,4,energy,technology,movies,cryptocurrency,chemistry,physics,entertainment,art,photography,
http://localhost/statc/image724.jpg,3,photography,literature,politics,music,marketing,entertainment,biology,psychology,health,economics
http://localhost/statc/image725.jpg,1,movies,,,,,,,,,
http://localhost/statc/image726.jpg,3,weather,politics,business,travel,cryptocurrency,,,,,
http://localhost/statc/image727.jpg,4,history,space exploration,chemistry,entertainment,physics,fashion,,,,
http://localhost/statc/image728.jpg,4,sports,medicine,business,technology,marketing,games,,,,
http://localhost/statc/image729.jpg,2,astronomy,geography,architecture,science,space,weather,music,,,
http://localhost/statc/image730.jpg,5,physics,energy,entertainment,sports,music,science,marketing,geography,books,economics
http://localhost/statc/image731.jpg,4,geography,,,,,,,,,
http://localhost/statc/image732.jpg,2,sports,social media,space exploration,politics,geography,fashion,,,,
http://localhost/statc/image733.jpg,1,finance,marketing,astronomy,,,,,,,
http://localhost/statc/image734.jpg,5,politics,marketing,literature,education,environment,animals,economics,games,technology,
http://localhost/statc/image735.jpg,4,economics,science,education,literature,space,sports,,,,
http://localhost/statc/image736.jpg,2,geography,politics,education,economics,finance,travel,weather,medicine,technology,business
http://localhost/statc/image737.jpg,4,music,literature,architecture,science,books,geography,marketing,movies,,
http://localhost/statc/image738.jpg,5,medicine,literature,social media,space,politics,biology,music,books,food,fashion
http://localhost/statc/image739.jpg,5,economics,science,politics,literature,architecture,marketing,books,,,
http://localhost/statc/image740.jpg,4,technology,politics,games,space,movies,marketing,,,,
http://localhost/statc/image741.jpg,5,entertainment,travel,fashion,education,economics,medicine,art,marketing,,
http://localhost/statc/image742.jpg,2,social media,history,environment,geography,entertainment,,,,,
http://localhost/statc/image743.jpg,3,books,animals,energy,health,fashion,movies,marketing,biology,economics,
http://localhost/statc/image744.jpg,5,cryptocurrency,chemistry,space,economics,finance,music,education,agriculture,technology,
http://localhost/statc/image745.jpg,2,animals,movies,nature,history,architecture,health,politics,fashion,books,
http://localhost/statc/image746.jpg,3,space exploration,cryptocurrency,music,weather,energy,space,fashion,literature,,
http://localhost/statc/image747.jpg,5,travel,architecture,technology,,,,,,,
http://localhost/statc/image748.jpg,2,,,,,,,,,,
http://localhost/statc/image749.jpg,1,games,books,agriculture,health,chemistry,sports,,,,
http://localhost/statc/image750.jpg,1,business,agriculture,health,literature,education,social media,,,,
http://localhost/statc/image751.jpg,4,nature,politics,psychology,marketing,health,astronomy,entertainment,architecture,physics,cryptocurrency
http://localhost/statc/image752.jpg,3,movies,astronomy,marketing,,,,,,,
http://localhost/statc/image753.jpg,3,space exploration,travel,health,history,science,,,,,
http://localhost/statc/image754.jpg,1,history,psychology,economics,business,photography,,,,,
http://localhost/statc/image755.jpg,3,environment,chemistry,politics,finance,,,,,,
http://localhost/statc/image756.jpg,3,photography,travel,chemistry,literature,food,art,books,fashion,space exploration,environment
http://localhost/statc/image757.jpg,4,education,business,environment,travel,medicine,,,,,
http://localhost/statc/image758.jpg,2,physics,cryptocurrency,travel,health,marketing,fashion,chemistry,,,
http://localhost/statc/image759.jpg,4,movies,chemistry,technology,social media,politics,sports,energy,space,biology,
http://localhost/statc/image760.jpg,1,games,space,technology,art,medicine,space exploration,movies,,,
http://localhost/statc/image761.jpg,4,,,,,,,,,,
http://localhost/statc/image762.jpg,1,marketing,social media,biology,,,,,,,
http://localhost/statc/image763.jpg,4,sports,physics,entertainment,finance,health,photography,astronomy,,,
http://localhost/statc/image764.jpg,5,environment,movies,literature,,,,,,,
http://localhost/statc/image765.jpg,3,,,,,,,,,,
http://localhost/statc/image766.jpg,1,,,,,,,,,,
http://localhost/statc/image767.jpg,4,technology,,,,,,,,,
http://localhost/statc/image768.jpg,2,agriculture,history,sports,science,food,fashion,marketing,,,
http://localhost/statc/image769.jpg,1,psychology,entertainment,art,animals,business,economics,books,space,architecture,
http://localhost/statc/image770.jpg,5,geography,movies,medicine,business,art,entertainment,photography,books,education,
http://localhost/statc/image771.jpg,2,,,,,,,,,,
http://localhost/statc/image772.jpg,2,social media,astronomy,,,,,,,,
http://localhost/statc/image773.jpg,2,astronomy,psychology,,,,,,,,
http://localhost/statc/image774.jpg,4,art,music,science,travel,movies,history,architecture,cryptocurrency,health,
http://localhost/statc/image775.jpg,3,,,,,,,,,,
http://localhost/statc/image776.jpg,5,agriculture,art,weather,fashion,,,,,,
http://localhost/statc/image777.jpg,3,architecture,agriculture,environment,games,health,movies,food,,,
http://localhost/statc/image778.jpg,4,technology,astronomy,psychology,education,social media,,,,,
http://localhost/statc/image779.jpg,2,,,,,,,,,,
http://localhost/statc/image780.jpg,2,health,politics,medicine,social media,agriculture,chemistry,,,,
http://localhost/statc/image781.jpg,1,music,history,geography,marketing,sports,physics,science,,,
http://localhost/statc/image782.jpg,4,weather,cryptocurrency,fashion,books,architecture,business,,,,
http://localhost/statc/image783.jpg,5,environment,photography,architecture,finance,space exploration,astronomy,geography,physics,fashion,music
http://localhost/statc/image784.jpg,4,sports,space exploration,movies,animals,history,,,,,
http://localhost/statc/image785.jpg,5,astronomy,energy,physics,education,,,,,,
http://localhost/statc/image786.jpg,2,movies,history,,,,,,,,
http://localhost/statc/image787.jpg,4,,,,,,,,,,
http://localhost/statc/image788.jpg,5,nature,sports,marketing,technology,,,,,,
http://localhost/statc/image789.jpg,1,energy,art,movies,nature,,,,,,
http://localhost/statc/image790.jpg,3,space exploration,technology,,,,,,,,
http://localhost/statc/image791.jpg,1,games,economics,photography,geography,art,travel,psychology,medicine,physics,agriculture
http://localhost/statc/image792.jpg,2,literature,business,chemistry,agriculture,energy,history,,,,
http://localhost/statc/image793.jpg,3,books,economics,space,,,,,,,
http://localhost/statc/image794.jpg,5,entertainment,agriculture,art,,,,,,,
http://localhost/statc/image795.jpg,2,,,,,,,,,,
http://localhost/statc/image796.jpg,2,astronomy,travel,environment,fashion,art,,,,,
http://localhost/statc/image797.jpg,1,fashion,literature,music,art,psychology,photography,science,environment,chemistry,technology
http://localhost/statc/image798.jpg,3,geography,agriculture,games,,,,,,,
http://localhost/statc/image799.jpg,5,,,,,,,,,,
http://localhost/statc/image800.jpg,3,astronomy,economics,entertainment,medicine,marketing,technology,animals,business,,
http://localhost/statc/image801.jpg,2,,,,,,,,,,
http://localhost/statc/image802.jpg,1,history,animals,psychology,finance,music,cryptocurrency,agriculture,movies,sports,
http://localhost/statc/image803.jpg,4,space exploration,food,economics,technology,health,literature,weather,travel,social media,
http://localhost/statc/image804.jpg,1,movies,astronomy,psychology,space exploration,animals,music,,,,
http://localhost/statc/image805.jpg,1,space exploration,books,education,economics,architecture,entertainment,art,psychology,chemistry,
http://localhost/statc/image806.jpg,4,fashion,music,cryptocurrency,psychology,nature,art,,,,
http://localhost/statc/image807.jpg,2,,,,,,,,,,
http://localhost/statc/image808.jpg,1,movies,cryptocurrency,space exploration,energy,fashion,business,education,food,,
http://localhost/statc/image809.jpg,4,social media,entertainment,,,,,,,,
http://localhost/statc/image810.jpg,1,art,books,architecture,environment,movies,fashion,physics,,,
http://localhost/statc/image811.jpg,3,social media,history,finance,economics,literature,,,,,
http://localhost/statc/image812.jpg,4,finance,geography,social media,chemistry,biology,,,,,
http://localhost/statc/image813.jpg,5,fashion,games,physics,agriculture,technology,animals,,,,
http://localhost/statc/image814.jpg,2,architecture,books,health,art,space,environment,geography,,,
http://localhost/statc/image815.jpg,5,literature,politics,space,food,art,sports,space exploration,books,finance,
http://localhost/statc/image816.jpg,2,food,health,environment,music,history,energy,sports,,,
http://localhost/statc/image817.jpg,2,social media,finance,entertainment,business,space,space exploration,,,,
http://localhost/statc/image818.jpg,1,music,nature,fashion,,,,,,,
http://localhost/statc/image819.jpg,2,architecture,physics,,,,,,,,
http://localhost/statc/image820.jpg,5,cryptocurrency,sports,chemistry,biology,marketing,literature,space,astronomy,education,
http://localhost/statc/image821.jpg,4,music,medicine,nature,economics,entertainment,space,psychology,,,
http://localhost/statc/image822.jpg,1,economics,cryptocurrency,,,,,,,,
http://localhost/statc/image823.jpg,1,marketing,fashion,physics,geography,photography,business,health,energy,medicine,movies
http://localhost/statc/image824.jpg,2,social media,marketing,,,,,,,,
http://localhost/statc/image825.jpg,1,environment,games,literature,business,,,,,,
http://localhost/statc/image826.jpg,4,health,,,,,,,,,
http://localhost/statc/image827.jpg,1,books,geography,,,,,,,,
http://localhost/statc/image828.jpg,1,technology,,,,,,,,,
http://localhost/statc/image829.jpg,2,music,entertainment,travel,biology,,,,,,
http://localhost/statc/image830.jpg,4,medicine,,,,,,,,,
http://localhost/statc/image831.jpg,5,science,space,chemistry,architecture,games,geography,marketing,social media,weather,photography
http://localhost/statc/image832.jpg,1,architecture,space exploration,art,,,,,,,
http://localhost/statc/image833.jpg,4,fashion,astronomy,geography,history,medicine,science,games,,,
http://localhost/statc/image834.jpg,4,architecture,business,,,,,,,,
http://localhost/statc/image835.jpg,1,books,environment,health,astronomy,,,,,,
http://localhost/statc/image836.jpg,2,weather,agriculture,biology,,,,,,,
http://localhost/statc/image837.jpg,4,social media,music,space exploration,finance,medicine,science,books,,,
http://localhost/statc/image838.jpg,3,,,,,,,,,,
http://localhost/statc/image839.jpg,1,biology,chemistry,books,movies,education,music,,,,
http://localhost/statc/image840.jpg,4,cryptocurrency,nature,food,travel,environment,books,fashion,physics,geography,health
http://localhost/statc/image841.jpg,1,architecture,psychology,education,finance,movies,,,,,
http://localhost/statc/image842.jpg,1,space exploration,health,politics,photography,,,,,,
http://localhost/statc/image843.jpg,5,science,space,food,nature,technology,sports,,,,
http://localhost/statc/image844.jpg,3,sports,architecture,social media,nature,science,psychology,space exploration,business,,
http://localhost/statc/image845.jpg,2,business,biology,psychology,art,food,photography,,,,
http://localhost/statc/image846.jpg,1,business,geography,technology,,,,,,,
http://localhost/statc/image847.jpg,4,marketing,science,,,,,,,,
http://localhost/statc/image848.jpg,2,entertainment,sports,cryptocurrency,geography,animals,music,,,,
http://localhost/statc/image849.jpg,4,social media,fashion,geography,energy,music,economics,entertainment,technology,space exploration,sports
http://localhost/statc/image850.jpg,4,business,biology,sports,entertainment,,,,,,
http://localhost/statc/image851.jpg,3,travel,weather,cryptocurrency,literature,food,,,,,
http://localhost/statc/image852.jpg,2,education,medicine,,,,,,,,
http://localhost/statc/image853.jpg,4,weather,photography,energy,physics,chemistry,music,environment,economics,politics,medicine
http://localhost/statc/image854.jpg,1,movies,cryptocurrency,psychology,fashion,games,nature,business,,,
http://localhost/statc/image855.jpg,4,architecture,chemistry,nature,music,health,,,,,
http://localhost/statc/image856.jpg,1,business,entertainment,movies,politics,astronomy,history,cryptocurrency,fashion,art,
http://localhost/statc/image857.jpg,1,medicine,business,health,architecture,art,music,history,,,
http://localhost/statc/image858.jpg,4,economics,health,psychology,cryptocurrency,sports,chemistry,photography,art,,
http://localhost/statc/image859.jpg,1,psychology,chemistry,,,,,,,,
http://localhost/statc/image860.jpg,2,finance,business,art,games,movies,architecture,chemistry,nature,,
http://localhost/statc/image861.jpg,3,cryptocurrency,geography,environment,technology,,,,,,
http://localhost/statc/image862.jpg,5,literature,environment,business,music,economics,space exploration,astronomy,chemistry,cryptocurrency,travel
http://localhost/statc/image863.jpg,1,science,politics,space exploration,fashion,space,finance,food,animals,biology,literature
http://localhost/statc/image864.jpg,5,economics,,,,,,,,,
http://localhost/statc/image865.jpg,2,travel,biology,literature,history,,,,,,
http://localhost/statc/image866.jpg,2,space exploration,games,photography,science,health,energy,astronomy,social media,environment,
http://localhost/statc/image867.jpg,3,agriculture,science,geography,business,art,sports,fashion,physics,,
http://localhost/statc/image868.jpg,1,,,,,,,,,,
http://localhost/statc/image869.jpg,2,science,,,,,,,,,
http://localhost/statc/image870.jpg,1,space,photography,books,,,,,,,
http://localhost/statc/image871.jpg,1,entertainment,economics,sports,travel,,,,,,
http://localhost/statc/image872.jpg,3,psychology,physics,sports,technology,history,food,,,,
http://localhost/statc/image873.jpg,1,physics,games,weather,geography,art,space exploration,food,astronomy,education,
http://localhost/statc/image874.jpg,2,nature,games,psychology,agriculture,,,,,,
http://localhost/statc/image875.jpg,2,technology,psychology,agriculture,animals,finance,energy,,,,
http://localhost/statc/image876.jpg,4,chemistry,astronomy,marketing,movies,,,,,,
http://localhost/statc/image877.jpg,3,sports,space,cryptocurrency,astronomy,photography,architecture,,,,
http://localhost/statc/image878.jpg,2,architecture,sports,nature,history,space exploration,psychology,literature,marketing,,
http://localhost/statc/image879.jpg,5,space exploration,science,economics,energy,,,,,,
http://localhost/statc/image880.jpg,1,animals,food,fashion,books,technology,travel,literature,psychology,environment,geography
http://localhost/statc/image881.jpg,4,space,architecture,cryptocurrency,art,chemistry,biology,music,,,
http://localhost/statc/image882.jpg,3,economics,finance,art,space exploration,health,photography,environment,,,
http://localhost/statc/image883.jpg,4,agriculture,,,,,,,,,
http://localhost/statc/image884.jpg,4,,,,,,,,,,
http://localhost/statc/image885.jpg,5,physics,photography,,,,,,,,
http://localhost/statc/image886.jpg,4,politics,games,literature,space exploration,health,chemistry,geography,education,,
http://localhost/statc/image887.jpg,1,art,,,,,,,,,
http://localhost/statc/image888.jpg,4,,,,,,,,,,
http://localhost/statc/image889.jpg,2,fashion,health,psychology,space exploration,space,technology,,,,
http://localhost/statc/image890.jpg,4,travel,fashion,economics,business,,,,,,
http://localhost/statc/image891.jpg,4,music,animals,weather,marketing,technology,cryptocurrency,photography,books,,
http://localhost/statc/image892.jpg,1,history,movies,geography,,,,,,,
http://localhost/statc/image893.jpg,4,movies,,,,,,,,,
http://localhost/statc/image894.jpg,4,agriculture,physics,politics,entertainment,marketing,education,energy,,,
http://localhost/statc/image895.jpg,5,astronomy,animals,chemistry,finance,music,art,psychology,environment,medicine,space exploration
http://localhost/statc/image896.jpg,4,art,biology,space,,,,,,,
http://localhost/statc/image897.jpg,5,,,,,,,,,,
http://localhost/statc/image898.jpg,3,books,geography,movies,social media,environment,,,,,
http://localhost/statc/image899.jpg,1,,,,,,,,,,
http://localhost/statc/image900.jpg,3,literature,technology,economics,social media,health,agriculture,architecture,travel,,
http://localhost/statc/image901.jpg,3,books,entertainment,chemistry,travel,technology,,,,,
http://localhost/statc/image902.jpg,5,photography,astronomy,chemistry,biology,fashion,science,,,,
http://localhost/statc/image903.jpg,1,sports,economics,architecture,nature,astronomy,,,,,
http://localhost/statc/image904.jpg,5,,,,,,,,,,
http://localhost/statc/image905.jpg,3,photography,art,education,,,,,,,
http://localhost/statc/image906.jpg,3,biology,,,,,,,,,
http://localhost/statc/image907.jpg,1,cryptocurrency,psychology,,,,,,,,
http://localhost/statc/image908.jpg,4,energy,books,health,technology,social media,food,education,politics,cryptocurrency,fashion
http://localhost/statc/image909.jpg,5,animals,,,,,,,,,
http://localhost/statc/image910.jpg,2,music,art,politics,business,biology,space,games,health,agriculture,economics
http://localhost/statc/image911.jpg,1,cryptocurrency,sports,,,,,,,,
http://localhost/statc/image912.jpg,5,weather,entertainment,art,politics,technology,,,,,
http://localhost/statc/image913.jpg,2,architecture,entertainment,politics,history,geography,animals,,,,
http://localhost/statc/image914.jpg,5,chemistry,literature,history,,,,,,,
http://localhost/statc/image915.jpg,1,physics,history,health,science,cryptocurrency,space exploration,,,,
http://localhost/statc/image916.jpg,5,politics,medicine,space exploration,energy,physics,architecture,geography,movies,,
http://localhost/statc/image917.jpg,3,history,cryptocurrency,,,,,,,,
http://localhost/statc/image918.jpg,3,geography,sports,politics,science,education,,,,,
http://localhost/statc/image919.jpg,3,chemistry,fashion,books,business,technology,,,,,
http://localhost/statc/image920.jpg,3,agriculture,animals,astronomy,travel,photography,business,books,,,
http://localhost/statc/image921.jpg,1,sports,psychology,biology,environment,technology,marketing,travel,,,
http://localhost/statc/image922.jpg,2,education,business,games,art,,,,,,
http://localhost/statc/image923.jpg,1,fashion,technology,animals,history,marketing,movies,literature,finance,food,space
http://localhost/statc/image924.jpg,3,movies,literature,books,weather,,,,,,
http://localhost/statc/image925.jpg,5,weather,energy,food,entertainment,environment,games,economics,finance,,
http://localhost/statc/image926.jpg,4,economics,psychology,space exploration,sports,weather,art,fashion,business,,
http://localhost/statc/image927.jpg,4,astronomy,literature,medicine,environment,history,animals,health,,,
http://localhost/statc/image928.jpg,3,literature,chemistry,agriculture,,,,,,,
http://localhost/statc/image929.jpg,1,literature,geography,energy,psychology,space,,,,,
http://localhost/statc/image930.jpg,4,history,environment,,,,,,,,
http://localhost/statc/image931.jpg,3,psychology,agriculture,movies,space exploration,nature,cryptocurrency,sports,,,
http://localhost/statc/image932.jpg,3,marketing,education,space exploration,,,,,,,
http://localhost/statc/image933.jpg,3,nature,architecture,travel,health,geography,,,,,
http://localhost/statc/image934.jpg,4,astronomy,technology,education,science,music,politics,space,,,
http://localhost/statc/image935.jpg,1,energy,finance,economics,literature,travel,politics,fashion,marketing,,
http://localhost/statc/image936.jpg,1,food,medicine,nature,environment,social media,physics,technology,architecture,energy,
http://localhost/statc/image937.jpg,2,science,business,chemistry,health,weather,sports,,,,
http://localhost/statc/image938.jpg,2,,,,,,,,,,
http://localhost/statc/image939.jpg,5,marketing,books,cryptocurrency,,,,,,,
http://localhost/statc/image940.jpg,1,entertainment,nature,fashion,music,space exploration,education,,,,
http://localhost/statc/image941.jpg,3,physics,chemistry,,,,,,,,
http://localhost/statc/image942.jpg,5,education,medicine,food,books,fashion,cryptocurrency,astronomy,economics,,
http://localhost/statc/image943.jpg,1,economics,,,,,,,,,
http://localhost/statc/image944.jpg,1,movies,fashion,social media,space,history,biology,psychology,,,
http://localhost/statc/image945.jpg,2,finance,music,sports,nature,literature,,,,,
http://localhost/statc/image946.jpg,4,psychology,biology,movies,,,,,,,
http://localhost/statc/image947.jpg,2,,,,,,,,,,
http://localhost/statc/image948.jpg,3,politics,physics,books,,,,,,,
http://localhost/statc/image949.jpg,2,astronomy,social media,games,entertainment,history,marketing,travel,architecture,fashion,science
http://localhost/statc/image950.jpg,5,music,biology,science,physics,history,agriculture,,,,
http://localhost/statc/image951.jpg,4,entertainment,games,agriculture,music,social media,geography,movies,,,
http://localhost/statc/image952.jpg,2,cryptocurrency,,,,,,,,,
http://localhost/statc/image953.jpg,1,cryptocurrency,chemistry,nature,medicine,health,environment,literature,agriculture,games,books
http://localhost/statc/image954.jpg,4,photography,entertainment,astronomy,history,animals,art,psychology,architecture,,
http://localhost/statc/image955.jpg,1,food,movies,marketing,literature,cryptocurrency,business,economics,weather,,
http://localhost/statc/image956.jpg,2,environment,geography,marketing,animals,entertainment,agriculture,sports,chemistry,,
http://localhost/statc/image957.jpg,1,,,,,,,,,,
http://localhost/statc/image958.jpg,4,science,music,movies,technology,psychology,food,energy,games,health,
http://localhost/statc/image959.jpg,4,business,chemistry,games,geography,,,,,,
http://localhost/statc/image960.jpg,2,art,entertainment,architecture,,,,,,,
http://localhost/statc/image961.jpg,1,entertainment,chemistry,sports,games,health,space exploration,nature,space,social media,
http://localhost/statc/image962.jpg,2,environment,chemistry,finance,health,technology,politics,,,,
http://localhost/statc/image963.jpg,3,agriculture,architecture,space,physics,photography,energy,biology,movies,,
http://localhost/statc/image964.jpg,4,nature,architecture,literature,science,sports,history,agriculture,weather,economics,
http://localhost/statc/image965.jpg,2,politics,science,economics,movies,,,,,,
http://localhost/statc/image966.jpg,5,science,,,,,,,,,
http://localhost/statc/image967.jpg,3,architecture,,,,,,,,,
http://localhost/statc/image968.jpg,5,agriculture,games,economics,biology,music,,,,,
http://localhost/statc/image969.jpg,4,psychology,fashion,marketing,finance,history,nature,social media,economics,,
http://localhost/statc/image970.jpg,2,education,health,nature,space,fashion,,,,,
http://localhost/statc/image971.jpg,2,politics,,,,,,,,,
http://localhost/statc/image972.jpg,1,astronomy,architecture,books,travel,,,,,,
http://localhost/statc/image973.jpg,1,physics,health,entertainment,games,,,,,,
http://localhost/statc/image974.jpg,3,sports,architecture,literature,travel,economics,finance,politics,,,
http://localhost/statc/image975.jpg,2,agriculture,photography,space exploration,,,,,,,
http://localhost/statc/image976.jpg,4,medicine,business,music,science,literature,travel,history,,,
http://localhost/statc/image977.jpg,3,geography,health,photography,finance,travel,art,,,,
http://localhost/statc/image978.jpg,2,fashion,marketing,history,,,,,,,
http://localhost/statc/image979.jpg,1,weather,art,animals,politics,games,fashion,music,psychology,finance,
http://localhost/statc/image980.jpg,3,finance,sports,fashion,geography,movies,health,politics,books,history,
http://localhost/statc/image981.jpg,2,agriculture,games,marketing,science,travel,literature,economics,movies,geography,
http://localhost/statc/image982.jpg,3,,,,,,,,,,
http://localhost/statc/image983.jpg,3,biology,,,,,,,,,
http://localhost/statc/image984.jpg,2,games,fashion,finance,,,,,,,
http://localhost/statc/image985.jpg,3,nature,books,travel,music,history,sports,space,medicine,,
http://localhost/statc/image986.jpg,3,politics,music,astronomy,biology,cryptocurrency,literature,books,psychology,,
http://localhost/statc/image987.jpg,3,literature,weather,books,food,photography,science,art,environment,agriculture,
http://localhost/statc/image988.jpg,2,food,education,fashion,entertainment,business,nature,,,,
http://localhost/statc/image989.jpg,5,art,space,finance,,,,,,,
http://localhost/statc/image990.jpg,2,fashion,food,architecture,travel,,,,,,
http://localhost/statc/image991.jpg,5,animals,entertainment,education,,,,,,,
http://localhost/statc/image992.jpg,2,,,,,,,,,,
http://localhost/statc/image993.jpg,4,photography,physics,animals,environment,space exploration,art,movies,,,
http://localhost/statc/image994.jpg,3,cryptocurrency,architecture,movies,entertainment,space exploration,science,travel,,,
http://localhost/statc/image995.jpg,2,environment,physics,geography,photography,literature,games,,,,
http://localhost/statc/image996.jpg,2,politics,nature,environment,entertainment,space,medicine,,,,
http://localhost/statc/image997.jpg,4,fashion,travel,technology,art,geography,games,politics,entertainment,marketing,
http://localhost/statc/image998.jpg,1,health,economics,marketing,,,,,,,
http://localhost/statc/image999.jpg,5,architecture,history,finance,politics,,,,,,
http://localhost/statc/image1000.jpg,2,finance,cryptocurrency,social media,space exploration,music,,,,,
